Customer_ID,Customer_Name,City,Phone,Email
CUST1000,Allison Hill,Raymondview,+1-917-251-3552x1570,ftaylor@hotmail.com
CUST1001,Noah Rhodes,North Anthony,331-541-0067x626,catherine83@hotmail.com
CUST1002,Angie Henderson,South April,658.617.9327x1040,youngjacob@chase-lewis.com
CUST1003,Daniel Wagner,West Kimberlymouth,411-526-2181x59970,joshua96@pierce.biz
CUST1004,Cristian Santos,New Justin,(296)201-5336x88444,qbryant@coleman.com
CUST1005,Connie Lawrence,Gonzalezberg,106.987.2050,jenniferelliott@hotmail.com
CUST1006,Abigail Shaffer,South Geraldmouth,(149)731-0324x17146,uunderwood@gray-maynard.com
CUST1007,Gina Moore,Port Evelynmouth,741.862.5652x7047,david18@jones-bowman.com
CUST1008,Gabrielle Davis,Jennaside,434.902.1158x693,dustin34@gmail.com
CUST1009,Ryan Munoz,Patriciaburgh,+1-068-687-9374,opetty@lynn-patton.com
CUST1010,Monica Herrera,Port Michael,608-989-9217,brianna71@bailey.com
CUST1011,Jamie Arnold,North Tracie,(233)206-1632,jacksonstacey@white-shaffer.net
CUST1012,Lisa Hensley,East Kristy,+1-451-168-6854x870,qvargas@gmail.com
CUST1013,Michele Williams,West Angelastad,001-998-616-2299x911,douglasbradley@brown-swanson.com
CUST1014,Dylan Miller,Laraside,001-148-564-6799,lmann@andersen-lindsey.net
CUST1015,Brian Ramirez,New Nicole,024.629.9606x5307,stephanie83@yahoo.com
CUST1016,Holly Wood,West Raymondfort,505-444-7132x475,richard51@miller.com
CUST1017,Derek Zuniga,Hammondshire,691-373-6785x082,paulangela@stokes-smith.biz
CUST1018,Lisa Jackson,East Teresaland,486-289-0233,rjimenez@barron.org
CUST1019,Carla Gray,Owenshaven,3070534578,kleinjacqueline@reed.net
CUST1020,Margaret Hawkins DDS,Davidside,(103)579-7279x8552,roconnell@mckee.com
CUST1021,Patty Perez,Port Tammy,140-602-9333x346,hendersonnicholas@yahoo.com
CUST1022,Ethan Adams,Shawton,007.229.0349x44665,robin38@roberts.com
CUST1023,Tommy Walter,New Ericburgh,437.489.6910x858,aaronwelch@yahoo.com
CUST1024,Matthew Foster,West Sarah,+1-994-417-1545x4443,sarah80@stafford-charles.com
CUST1025,Judy Baker,West Stacey,(830)965-2074,gilbertmark@yahoo.com
CUST1026,Justin Baker,Meghanview,666-099-3538x758,baileyjennifer@gomez-garcia.info
CUST1027,Stephanie Ross,Lake Stephanie,282-417-2482x5135,ricerachel@martinez-freeman.com
CUST1028,Zachary Hicks,Davidport,465.549.4717,thomasbrooks@yahoo.com
CUST1029,Anthony Rodriguez,New Danielleshire,9991738168,amandaadams@yahoo.com
CUST1030,Rebecca Henderson,East Donna,602-235-6972x5217,donaldburgess@gmail.com
CUST1031,James Ferrell,Meganshire,250-074-3292x71296,danielmitchell@gmail.com
CUST1032,Tricia Valencia,Port Michelleland,+1-666-760-0835x0583,cmanning@gmail.com
CUST1033,Nathan Maldonado,Lake Kelliview,0335421689,rmoyer@fisher.info
CUST1034,Debra Davidson,Port Ashley,210-447-8985x6257,karen68@mclean.com
CUST1035,Jeffrey Chavez,South Pamelaside,(326)033-2309x821,martinezmaurice@saunders.com
CUST1036,Sherri Baker,Dawnport,(064)890-9010x016,vbray@gmail.com
CUST1037,Cassandra Gaines,Sanchezfurt,618.472.3046x184,froberts@gmail.com
CUST1038,Elizabeth Fowler,Shawnton,+1-926-189-1411x739,christinadaniel@gmail.com
CUST1039,Brittany Farmer,South Robert,483.564.2087,katie43@hoover.com
CUST1040,Paula Moreno,Harrisberg,753.001.1972,victoriagarza@hernandez.com
CUST1041,Fred Smith,Michellemouth,811-437-4470,ronaldjensen@lin.biz
CUST1042,Sherry Decker,Theresaberg,204-556-1100,jeffreysimmons@gmail.com
CUST1043,Anthony Humphrey,Zacharyville,(255)794-1552,torresjoseph@yahoo.com
CUST1044,Angelica Tucker,Johnville,667-467-6212,dwright@gmail.com
CUST1045,Philip Cannon,Shannonberg,001-021-697-9729x659,williamsjulie@mitchell.org
CUST1046,John Pierce,North Kellyfurt,2771670145,flopez@cook-rodriguez.com
CUST1047,Shane Henderson,Wrightburgh,8993588916,michael59@jacobs.org
CUST1048,Joshua Blair,Sarahmouth,+1-375-628-9002x87721,eatondavid@hotmail.com
CUST1049,Eric Carney,Port Erik,001-753-540-8386x63177,willisrhonda@roth.com
CUST1050,Jessica Holmes,Jimenezport,001-717-751-7016,kevin73@le.net
CUST1051,Danny Morgan,Johnsonfurt,(088)019-9488x37550,patricia71@yahoo.com
CUST1052,Crystal Robinson,Levyborough,758.997.5711,gbarnes@jackson.com
CUST1053,Mark Perez,Brandonport,001-305-548-8510x27261,sosabruce@hotmail.com
CUST1054,Shannon Jones,Harperfort,933-163-7351x609,isimpson@mata.biz
CUST1055,Michael Lewis,Amandaville,779-827-0808,nlawson@gmail.com
CUST1056,Timothy Duncan,Andersonview,(978)292-2169x95866,ashleyvargas@suarez.info
CUST1057,Richard Aguirre,Kathrynstad,+1-346-547-2269x848,melissa44@hotmail.com
CUST1058,Brent Jordan,South Brettside,833-394-5228x85158,jeffreyferguson@williams-hernandez.com
CUST1059,John Daniel,West Angela,996.846.0810x6200,morgan03@nichols.com
CUST1060,Victoria Garcia,South Williamside,424.420.4380,christopher84@hotmail.com
CUST1061,Gerald Hensley,Marciaville,(719)838-6384x066,svillanueva@galloway-garrett.com
CUST1062,Connor West,North Phillip,(580)043-9735x98933,jessicaramirez@yahoo.com
CUST1063,Donald Wright,Angelastad,721-228-1606x4842,sharphailey@scott.com
CUST1064,Jessica Callahan,East Carrie,(940)572-0259,markharris@hotmail.com
CUST1065,Amber Kidd,Porterton,9479851583,seanblair@yahoo.com
CUST1066,Tracy House,East Jenniferfort,(818)268-8615,racheldavis@gmail.com
CUST1067,Carol Tucker,Hernandezhaven,355.543.9878,lisathompson@hotmail.com
CUST1068,James Brown,West Sarah,001-015-739-9305x61648,deborahsmith@gmail.com
CUST1069,William Baker,Franciscoport,001-408-588-7704x3581,mmcdaniel@thomas.com
CUST1070,Jordan Henderson,Williamhaven,288-013-3613,hgarcia@gmail.com
CUST1071,Whitney Peters,Ericksonport,+1-612-075-0110,grayandrew@hines.com
CUST1072,Brittney Phillips,Cabrerastad,(481)934-6676,kaylaadams@greene.com
CUST1073,Lauren Daniels,Emilychester,(506)180-9190x15814,harristimothy@hotmail.com
CUST1074,Amy Silva,Lauratown,+1-491-476-6072x83268,kylemendoza@gmail.com
CUST1075,Sarah Moore,Bakershire,245-088-2100x9968,courtney10@garcia.com
CUST1076,Angela Lopez,Lake Brett,+1-143-536-8222,aaronwalker@gmail.com
CUST1077,Megan Young,Jacksonfurt,943.129.0878,phernandez@yahoo.com
CUST1078,Steve Sanchez,Port Erin,414-139-7552,tmcdaniel@vasquez.com
CUST1079,Lisa Barnes,New Stacyville,+1-314-913-5775x94929,michael95@ward.com
CUST1080,Kelly Donovan,North Scott,001-556-205-3364,royrogers@shelton.com
CUST1081,Mike Allen,Hernandezborough,(257)775-4781x291,nancy47@hotmail.com
CUST1082,Michael Evans,Shawfort,283-411-0809x969,lisa10@gmail.com
CUST1083,Paul Jones,Lake Devinborough,084.887.2563,dylan77@wilson.com
CUST1084,Zachary Ferrell,Whitneyfort,001-942-788-1658x03928,morrisdavid@gomez-snyder.info
CUST1085,Daniel Baker,Edwardsburgh,(722)992-7503,devon36@yahoo.com
CUST1086,Shirley Suarez,Barrmouth,001-731-453-0385x67700,opatel@yahoo.com
CUST1087,Christopher Bass,Ericaview,+1-518-449-8926x6591,xrose@shepherd.com
CUST1088,Lisa Archer,Leebury,463.865.5779x08272,victoriasmith@wells.com
CUST1089,Aimee Montoya,Angelabury,184.322.2591,kenneththomas@hotmail.com
CUST1090,Matthew Mcmillan,Kellieborough,+1-365-177-7392x60302,jasonwalker@hotmail.com
CUST1091,Brian Rodriguez,Stewartstad,001-922-809-2024,haydenjane@quinn-horton.biz
CUST1092,Denise Jacobs,Keithshire,(869)904-1379,mileselizabeth@gmail.com
CUST1093,Christina Walters,Huangfurt,723.692.9298x4257,anthonydiaz@gmail.com
CUST1094,John Whitehead,Stephanieberg,+1-913-662-1038x862,smithmariah@hernandez-white.com
CUST1095,Anna Henderson,Bobbyland,+1-127-990-8811x729,vjenkins@yahoo.com
CUST1096,Aaron Wise,Sandraview,+1-068-650-8637,daniel00@potter.biz
CUST1097,Deborah Figueroa,Lewisside,001-659-916-2473x14986,samantha84@hotmail.com
CUST1098,Jessica Smith,Sarahview,300-981-8063x565,rhuynh@boyd.com
CUST1099,Stephen Mckee,North Christina,269-448-6959,robinsonisaiah@hotmail.com
CUST1100,Sandra Aguilar,East Brent,636-887-2588x744,pwoods@sullivan.com
CUST1101,Cameron Parker,Lake Jesse,001-562-137-2138,josephgarcia@yahoo.com
CUST1102,Rebecca Valencia,South Markfort,(589)026-0127x9611,allenfrancisco@gmail.com
CUST1103,Christine Wright,Lake Kellitown,351-906-6984x902,carlaavila@lopez-harris.com
CUST1104,Richard Henson,South Denise,+1-770-384-3098x8392,christopher99@elliott.com
CUST1105,Marc Moore,Woodsborough,+1-053-021-4656x69380,christopher40@walton-benjamin.net
CUST1106,Sharon Cherry,Manuelton,001-118-489-5543x9376,karen52@leonard.net
CUST1107,Sierra Johnson,Lake Audreyside,001-042-681-8184,andrewflynn@willis-christian.com
CUST1108,Evelyn Galvan,East Robertburgh,184-894-7697x35779,faithmiller@davis.com
CUST1109,Sharon Cochran,Port Randyfort,7141633565,seth25@ward-chase.biz
CUST1110,Richard Rodriguez,Lake Suzanne,804.341.6518x27553,nallen@jones.info
CUST1111,Shannon Walker,Nancytown,001-423-733-3433,thomasmonica@dillon.info
CUST1112,Julia Torres,Ashleyville,395.211.1790,sedwards@jones.com
CUST1113,Crystal Johnson,Justinside,001-807-595-7947x28463,jonesjennifer@yahoo.com
CUST1114,Garrett Lin,Smallberg,001-920-867-8085x62718,wgood@yahoo.com
CUST1115,Diana May,Nelsonville,500.369.1559x428,bonillatracy@trevino-morales.org
CUST1116,William Herrera,Franciscomouth,347-955-2763x655,nrichardson@brooks-fleming.net
CUST1117,Ashley Waller,Jennifertown,(472)929-3143x8663,natalie09@hotmail.com
CUST1118,Victor Baker,Krystalshire,(270)267-2885,hollycastro@farrell.biz
CUST1119,Jeffrey Chandler,East Cheryl,448.906.1203x4717,onash@sawyer-caldwell.com
CUST1120,Larry Dixon,Wilcoxhaven,001-545-588-4506x1593,dday@gmail.com
CUST1121,Kenneth Scott,Christopherville,001-982-455-8771,jessicalowery@tate-gonzalez.com
CUST1122,April Frost,East Thomas,(947)225-6996x1125,matthew97@park.com
CUST1123,Michelle Harmon,North Jose,554.496.4759,jjohnson@yahoo.com
CUST1124,Helen Jones,South Karen,762.202.3413x26111,lukejohnson@schroeder.biz
CUST1125,Erin Edwards,Kevinshire,800.681.1492x1643,brianparrish@hotmail.com
CUST1126,Michelle Evans,West Desireebury,472.282.0055,johnny21@gmail.com
CUST1127,Jason Powell,Lake Davidport,784.872.8299x7968,richard47@warren-caldwell.com
CUST1128,Cameron Fisher,South Gina,+1-845-783-1745x6424,davisrachel@richmond-phillips.com
CUST1129,Megan Orr,Hannahport,0825478077,iolson@hotmail.com
CUST1130,Elizabeth Kelley,Christinabury,064-930-8536x8663,sgomez@price.org
CUST1131,Dustin Jordan,South Eric,(663)416-3894,sharpbeth@morris.com
CUST1132,Mary Marshall,Robertside,846-312-2417x9749,peggypeck@lin-wilson.biz
CUST1133,Daniel Kennedy,Toddborough,350.208.0214x4270,mcneilsherry@gmail.com
CUST1134,Rebecca Jackson,Lake Karen,120.735.6475,johnsonjulie@gmail.com
CUST1135,Jose Schultz,New Seanstad,051.204.6187x234,carolynrobinson@gmail.com
CUST1136,Robert Potter,New Danielside,(013)673-0371x8376,woodmichael@mosley-shaw.com
CUST1137,Courtney Gonzalez,New Amanda,+1-452-088-1474x35031,wgutierrez@yahoo.com
CUST1138,David Alvarez,West Melissa,650.249.1630,daniel27@yahoo.com
CUST1139,Angel Perry,Wilsonborough,9792513271,angelamartin@yahoo.com
CUST1140,Cheyenne Horton,Davishaven,+1-950-052-8127x35857,megan64@hotmail.com
CUST1141,David Douglas Jr.,Stokesmouth,001-306-524-0778x4873,shafferdale@smith.org
CUST1142,Patricia Rodriguez,New Robert,001-285-574-9821,zgordon@contreras.com
CUST1143,Christopher Rubio,New Stevenport,274.485.7086x20959,harnold@gates.com
CUST1144,Amber Wright,South Jonathantown,518.638.7829,podonnell@hotmail.com
CUST1145,Joyce Solis,New Charles,565-118-1022x0317,ayerskimberly@hotmail.com
CUST1146,Victoria Larson,Cooperland,109.678.9940,nichole44@yahoo.com
CUST1147,Stephanie Salazar,North Valeriefort,(391)037-1705x865,mcculloughrobert@johnson.net
CUST1148,Kathy Rivas,West Robertberg,001-094-801-4138x113,george96@gmail.com
CUST1149,Stephanie Manning,Brooksfurt,+1-633-839-2886,christinalong@gmail.com
CUST1150,David Wright,Kanefurt,001-195-761-2286x8528,sheilamyers@hotmail.com
CUST1151,Pamela Boyd,Millerside,+1-755-855-6659x398,hstrong@kim.com
CUST1152,Denise Jones,Lake Michelle,684.577.6004,ocameron@hood-moore.com
CUST1153,Devon Flores,East Victoriafurt,+1-082-404-3350x488,davissamuel@carrillo.net
CUST1154,Brenda Hall,Lake Tiffany,+1-992-107-5224,ujohnson@lucero.com
CUST1155,Michelle Brown,Port Andrewport,(933)441-9693x157,denisewalker@nichols.biz
CUST1156,Joshua Perry,Nunezside,(791)940-9610,hillsavannah@hotmail.com
CUST1157,Jason Stein,Patelbury,001-556-613-9060x48058,rodriguezsara@rodriguez.com
CUST1158,Melissa Gates,South Michael,001-258-320-6799,jonesmegan@myers.com
CUST1159,Jamie Smith,Jacobville,136.462.2517x90864,tuckerconnie@gmail.com
CUST1160,Paul Castaneda,Port Donnatown,686-227-8376,opreston@yahoo.com
CUST1161,Jennifer Adkins,East Carlos,+1-938-983-3146x5911,kentberger@bradley.com
CUST1162,Lindsey Walker,South Carlaton,+1-665-535-5904x25979,mcooley@hotmail.com
CUST1163,Jeffrey Johnson,Lake Bradley,(703)352-1103,aimeescott@lee.net
CUST1164,Michael Powell,Youngborough,+1-240-514-7705x383,javierdiaz@johnson.com
CUST1165,John Anderson,East Williamport,884.879.2069,josepholson@bailey.com
CUST1166,Alyssa Long,Port Sabrina,+1-804-204-3940x70164,zgraham@gmail.com
CUST1167,Alyssa Day,Barbaramouth,+1-510-463-6815x79812,jamesmathis@hotmail.com
CUST1168,Joel Williams,West Nancy,878.003.8457,ygarcia@hotmail.com
CUST1169,Daniel Murphy,South Kevin,(205)554-3840x4608,lauramckay@yahoo.com
CUST1170,Jamie Walton,New Stacyburgh,325-621-6893x639,vhenderson@yahoo.com
CUST1171,Darlene Miller,Peterston,(649)578-2329,lawsonruben@hotmail.com
CUST1172,Joshua Cooke,Shellyfurt,+1-324-826-2925,rachael17@gmail.com
CUST1173,Matthew Harrington,Heatherchester,881-252-0566,brenda49@clements.com
CUST1174,Nicole Herring,West Nicholas,742-312-2099x4999,ruben25@jones.com
CUST1175,Alex Hernandez,Allenbury,933.051.7289,kimberlymartinez@yahoo.com
CUST1176,Michael Elliott,Meredithberg,526.772.2330x6046,jason95@hoffman.com
CUST1177,Michael Wang,Melendezside,331.279.7573,dakotaramirez@shah.org
CUST1178,Lawrence Adkins,Faulknerside,(609)656-9998x80817,ustewart@gmail.com
CUST1179,Robert Oconnell,South John,038.860.8680x347,langvictor@fisher-martinez.com
CUST1180,Alexander Collins,West Deborah,(447)264-9082x7718,byoung@yahoo.com
CUST1181,Tina Sanders,Booneland,298-266-5702,buckjustin@johnson-ferguson.net
CUST1182,Angela Vaughn,North Joseph,937.145.2111x751,deanna17@gallegos.com
CUST1183,Ashley Barton,Port Charlesshire,689.268.6025x92222,karen61@hotmail.com
CUST1184,Lindsay Martinez,South Jason,001-064-474-2123x09407,zsalazar@yahoo.com
CUST1185,Dr. Hannah Patterson,Kevintown,780.973.3977x6719,hallison@yahoo.com
CUST1186,Jonathan Peterson,East Suzanne,+1-038-498-3022x050,walkermargaret@garcia.biz
CUST1187,Samantha Garcia,Lake Yvonnefort,(099)451-0162,christopherramsey@cabrera-medina.com
CUST1188,Madison Poole,Lake Cassandra,(499)982-7950,nicole01@valentine.com
CUST1189,Jessica Gross,South Rose,455-616-8147,knelson@gmail.com
CUST1190,Debra Morton,Kimberlyfurt,(145)868-3390,martinezmichelle@hotmail.com
CUST1191,Karen Graham,Fergusonstad,981-794-6954,hbarnett@hotmail.com
CUST1192,Debra Christian,Josehaven,995.299.7877x29343,rstanley@barton-webb.com
CUST1193,Angelica Keith,Owensfort,1071396605,jennifer58@gmail.com
CUST1194,John Bishop,Robinstad,(830)344-1448x850,jonestroy@smith.info
CUST1195,Allen Rosales,Robertshire,556-990-2355,tonypeterson@hotmail.com
CUST1196,Daniel Salinas,Lake Dustin,+1-770-272-7857x60849,jeanette28@gmail.com
CUST1197,Spencer Haynes,Angelashire,001-588-039-5512x4056,sabrinacruz@parrish-palmer.biz
CUST1198,Adam Vaughan,Phillipsborough,+1-829-962-9145x0461,ramirezfrank@lynn-ray.com
CUST1199,Nathan Freeman,Jerryshire,357.438.4215x0317,vwalter@allen.com
CUST1200,Melissa Brewer,South Andrea,078.235.7845x21823,alvarezalyssa@yahoo.com
CUST1201,Ricky Davis II,Jonathanfort,001-076-810-4091x5701,mcintoshchristopher@yahoo.com
CUST1202,Elizabeth Perkins,Murraystad,409.435.3344x85714,randyjordan@brown-nelson.com
CUST1203,Joseph Coleman,East Jennifer,(241)098-8138,bdennis@carter.com
CUST1204,Erin Warner,Whiteside,(854)249-3214x958,gstone@hotmail.com
CUST1205,David Martinez,New Arthurland,020.701.6016x629,susanrobinson@jacobson.com
CUST1206,Bryan Herrera,Port Adamberg,001-795-453-8179,pateljoshua@lyons.com
CUST1207,Cathy Robinson,North Jasmine,(171)747-7332,yharris@gmail.com
CUST1208,Dr. William Warren,East Williamstad,+1-456-255-7701x715,janice40@gmail.com
CUST1209,Brian Lee,New Danafort,724.599.2816x1581,sstevenson@jackson.com
CUST1210,Christopher Smith,Smithside,876-963-9382x7615,martingibson@wade.com
CUST1211,Denise Mccann,Smithhaven,966.958.3219,terriibarra@shelton.org
CUST1212,Melissa Martinez,Amandaport,199.758.1724x6191,faguilar@gmail.com
CUST1213,Katherine Salas,New Lisachester,+1-965-701-3290x22784,williamsandre@hotmail.com
CUST1214,Julie Alexander,North Samantha,(997)335-4946x5190,aliciajackson@gmail.com
CUST1215,Anthony Everett,East James,+1-862-405-8008x514,torresjill@henry-bell.net
CUST1216,Rodney Morales,Lisaview,3696566668,dking@gmail.com
CUST1217,Mark Brown,Millerfurt,272.386.5624,jennifer89@yahoo.com
CUST1218,Justin Torres,Cunninghambury,+1-220-102-7621x26796,gina02@chase-hopkins.com
CUST1219,Bailey Duran DDS,Gabriellaland,+1-278-687-6532x690,kjohnson@hotmail.com
CUST1220,Courtney Mills,North Richardfurt,001-738-468-9500,jamie13@yahoo.com
CUST1221,Jeremy Dalton,Browntown,001-751-971-2847,natalie87@thompson.com
CUST1222,Elizabeth Oliver DDS,North Vincent,189.137.1894x90580,rlandry@yahoo.com
CUST1223,Theresa Clark,Newmanmouth,787.956.5442x0949,rileyjacqueline@martinez.com
CUST1224,Matthew Moore,New Samanthabury,079-290-4904x712,montesvictor@hotmail.com
CUST1225,Benjamin Smith,Port Heather,144.294.4401x92927,hbecker@hanson-beck.com
CUST1226,Kirk Carter,Nelsonland,(243)728-0512x927,calvin40@yahoo.com
CUST1227,Michael Warner,Rachelshire,001-663-723-9504x10276,justinwatkins@freeman.biz
CUST1228,Michael Bradshaw,East Sarahmouth,478.366.7428x6047,williamsdevin@yahoo.com
CUST1229,Lori Guerrero,East Brendafurt,(580)185-6945x4414,reevesdouglas@gonzalez.com
CUST1230,Jessica Stephens,West Franciscobury,+1-967-393-8525x8001,pfitzpatrick@walsh.com
CUST1231,Susan Serrano,Rhodesside,6181753443,carla29@yahoo.com
CUST1232,Christopher Parker,Patrickberg,0910939111,feliciagonzalez@gmail.com
CUST1233,Laura Roberts,New Juliestad,+1-269-212-4471x746,kevinmiller@hotmail.com
CUST1234,Michael Lyons,North Samuelland,001-542-140-6650x442,nicholasliu@yahoo.com
CUST1235,Kathryn Snyder,Cassiefurt,173.962.7128x639,alishabenson@donovan.biz
CUST1236,Andrew Reynolds,Anthonyview,+1-174-101-1947x0720,dali@gmail.com
CUST1237,David Davis,Henrystad,6425690877,idavis@meadows.com
CUST1238,Sara Johnston,Reynoldsshire,(618)306-7198x55460,brian62@santiago-ford.net
CUST1239,Yvonne Chambers,Millerport,+1-158-517-4328x0634,millerjoseph@hotmail.com
CUST1240,Andrew Avila,Lake Charles,001-615-717-3203x093,brooke49@vaughn-lin.com
CUST1241,Matthew Moon,Ericberg,618.478.7005x0506,zacharyhart@taylor-jacobson.com
CUST1242,Kevin Walters,Stewartville,387-829-3102,jennifer07@hotmail.com
CUST1243,Brandon Bailey MD,North Sherrymouth,079.032.0204x1792,joneseric@meyer.com
CUST1244,Shannon Rivera,Kathleenville,001-111-799-3136,gjohnson@myers-howe.com
CUST1245,Donna Landry,North Jacob,651-982-5309x25114,pmcgrath@hotmail.com
CUST1246,Krista Gibson,Hawkinshaven,(625)827-3902,nvillarreal@gmail.com
CUST1247,Frank Cordova,Garcialand,962-071-0021,daisylopez@hotmail.com
CUST1248,Jose Travis,Angelamouth,001-946-723-2487x632,williamlyons@alvarez.com
CUST1249,Kimberly Gutierrez,Smithchester,+1-092-791-4560x833,rrichardson@cruz-marsh.info
CUST1250,Isaiah Avila,Maxwellside,819-588-3734,shernandez@yahoo.com
CUST1251,Olivia Harris,New Adriana,3127722005,tsmith@brewer.org
CUST1252,Tanya Kim,Jacksonview,364-597-0108x2207,odonnellmichael@gmail.com
CUST1253,Barbara Dudley,Josephberg,113.799.5635x31531,khill@yahoo.com
CUST1254,Cynthia Moore,East Ryanchester,636.317.9706,rachel86@brown.org
CUST1255,Kristen Davis,Toddland,(397)265-2735,yespinoza@gmail.com
CUST1256,Susan Murray MD,Johnathanbury,352-090-4217x762,sandra17@yahoo.com
CUST1257,Kathleen Moran,Wheelerborough,001-534-929-2983x16873,barbarapennington@hotmail.com
CUST1258,Denise Davenport,Rodriguezport,001-774-063-3569,heidichapman@hotmail.com
CUST1259,Mrs. Kristen Reyes,South Martinfurt,929.060.0780,bjones@hotmail.com
CUST1260,Katie Suarez,Scottchester,(867)177-3180x63254,colinrodriguez@alvarez.com
CUST1261,Desiree Tyler,West Malik,107.427.9907,jessicacruz@nielsen-brown.com
CUST1262,Timothy Romero,South Leon,262.570.1658x046,bradfordcharles@obrien-pittman.com
CUST1263,Diane Evans,Novakport,001-498-931-9508x50165,halenicholas@hotmail.com
CUST1264,Yvonne Burns,Faulknerbury,905.528.1832x538,johnnykim@perez-harmon.biz
CUST1265,Joshua Reed,Nicholasfurt,793-355-4864,perkinscrystal@davis.com
CUST1266,Kimberly Gibson,Danielshire,1557788178,ecarroll@yahoo.com
CUST1267,Colin Terry,New Wendy,+1-847-951-3711x62411,nlee@carey.net
CUST1268,Cynthia Rowe,Lake Katrina,(412)723-8046,gonzalescolleen@carroll.net
CUST1269,Patrick Thornton,Lake Stevenborough,+1-827-567-0431x03856,wilsonjerry@hotmail.com
CUST1270,Jasmin Alvarado,Salinasland,001-557-988-7749,walkershelia@yahoo.com
CUST1271,Veronica Simpson,Chambersberg,(424)375-4025,carlos24@gmail.com
CUST1272,Jonathan Lawrence,Johnberg,729-284-2222x3105,reginald08@snow.com
CUST1273,Shelly Alexander,Mccormickland,001-274-523-8055,morganjose@barron-brown.com
CUST1274,Joyce Bowen,Ewingfort,(578)284-1067,youngcharles@hotmail.com
CUST1275,Matthew Moore,Fergusonchester,001-275-208-8547x49297,tina69@salazar.com
CUST1276,Wayne Morgan,Port Tanyaside,170-281-4069x37515,garciatyler@gmail.com
CUST1277,Marie Christian,North Kaylastad,9398343018,ywoods@gmail.com
CUST1278,Shannon James,Lake Cheyenne,186.375.9980x562,johnsonkimberly@ferguson.com
CUST1279,Nathan Malone,Rasmussenmouth,001-656-504-5547x813,hughesnicholas@gmail.com
CUST1280,Amanda Jones,Rodriguezville,001-767-426-6299x1234,hdunn@yahoo.com
CUST1281,Tammie Bright,Jeffreyhaven,851.961.0646x2879,michael56@allen.org
CUST1282,Jessica Garcia,South Neil,001-232-648-7049x47873,robertgoodwin@bradley.com
CUST1283,Shelia Wallace,Bartonshire,0244714627,brownsamuel@williams-bailey.com
CUST1284,Stephanie Williams,West Whitney,001-301-471-9597x964,catherinemendoza@gmail.com
CUST1285,Elaine Brooks,Garciachester,+1-715-890-4290x2572,wrightamy@thornton-li.com
CUST1286,Joseph Knight,North Marieberg,(204)565-0448x183,shelly84@hotmail.com
CUST1287,Carolyn Miller,Larrymouth,001-219-285-5445x18952,luis88@brown.org
CUST1288,Lisa Allen,New Timothy,2845765213,christian28@gmail.com
CUST1289,Briana Murray,Davismouth,(833)898-8816,davidhardy@gmail.com
CUST1290,David Smith,Carloston,112.075.4527x985,hollysantos@benton-smith.com
CUST1291,Stephanie Byrd,North Melindaville,(401)322-3423,brianna41@gmail.com
CUST1292,Jeremy Reed,Lake John,(161)107-6031,ysimpson@yahoo.com
CUST1293,Margaret Coleman,New Ethan,8907140140,walkernicolas@hotmail.com
CUST1294,Ryan Gonzalez,Mullenbury,001-119-393-2501x24955,guerreroanthony@yahoo.com
CUST1295,John Young,Sotoburgh,(893)891-1908,sandra49@todd.org
CUST1296,Laura Haney,Fosterborough,342.801.3875,vpatton@gmail.com
CUST1297,William Barrett,Vargasfurt,001-927-125-6638x361,rfarley@garrison-hurley.info
CUST1298,Keith Jennings,Lake Jasonview,001-517-182-7548x01571,francisco67@hotmail.com
CUST1299,Amber Obrien,New Cristianside,(479)473-8646x3175,rebeccacampbell@tapia.net
CUST1300,Tanner Mitchell DDS,West Mark,(071)678-1126,ashley09@yahoo.com
CUST1301,Heather Fields,Wilsonfort,(912)153-5396x1367,donna90@gmail.com
CUST1302,Megan Le,Candicefurt,994-657-9678x427,mary27@yahoo.com
CUST1303,Sara Fuller,West Michaelmouth,147-732-0101,csmith@castillo-richard.com
CUST1304,Maria Parker,Port Emily,026.952.4991x1877,rileychristopher@hotmail.com
CUST1305,Kevin Oconnor,Samanthashire,477.848.5880,alexanderjonathan@yahoo.com
CUST1306,Edward Burgess,Lake Dennisville,001-061-675-6770x02842,omartinez@gmail.com
CUST1307,Carlos Ryan,West Daryl,624.671.9788x9778,halldiamond@cohen.org
CUST1308,Kiara Mcintyre,Heatherhaven,(806)479-6954,tranjeremy@hotmail.com
CUST1309,Dawn Summers,Barnesberg,009-025-5905x61655,allen58@hotmail.com
CUST1310,Dr. Paul Morgan,Hendersonfort,(503)334-9114x15208,michaeljones@wilson-jones.com
CUST1311,Victor Taylor,New Garrett,076-986-4079x05696,maria61@hotmail.com
CUST1312,Shannon Ramsey,Donaldmouth,917-135-7852x94563,douglas59@yahoo.com
CUST1313,Tracy Ballard,Harveystad,183.440.4963x9191,xmerritt@yahoo.com
CUST1314,Richard Smith,South Derrickfurt,001-541-987-6351,martinbradley@gmail.com
CUST1315,Jordan Chambers,Ortizfort,+1-484-685-3664x9878,lynchlindsey@baldwin.com
CUST1316,Lauren Carson,Mckinneymouth,(082)973-7489,crivas@barber.com
CUST1317,Ashley Hall,Jacksonshire,001-690-835-7232x46651,arianacuevas@kelley.net
CUST1318,Stephen Hoffman,Port Kathleenport,+1-364-424-9363x1230,hhopkins@stewart-lee.org
CUST1319,Connie Brown,West Jeffreyport,477.866.0324,marklloyd@yahoo.com
CUST1320,Susan Turner,Port Stephen,(044)820-7001,hedwards@allen.com
CUST1321,Charles Shah,Dunnville,941-651-6231x98189,ann15@washington.com
CUST1322,Johnathan Davis,West Kimberlystad,001-847-139-1559x63632,kimberlyrussell@wade.com
CUST1323,Brandy Chavez,Port Jenniferside,234-764-9078,millerrobert@gmail.com
CUST1324,Natalie Bautista,South Curtis,(158)673-4257x540,rachelwalter@gmail.com
CUST1325,Patrick Moore,West Nancy,+1-900-348-6451x8376,barneskathy@conrad.com
CUST1326,Brett Burns,South Joseland,6441343275,vaughnveronica@gmail.com
CUST1327,Trevor Johnson,Grimesville,001-604-177-6561x24815,zgomez@hotmail.com
CUST1328,Jeremy Sampson,East Lisa,(985)700-2720x63459,david59@jensen.com
CUST1329,Ariana Jennings,Michellechester,123-829-6577,vmccoy@yahoo.com
CUST1330,Vanessa Howard,New Donald,001-242-954-3165x2669,ugraves@gmail.com
CUST1331,Colton Martinez,Port Jamie,008.931.7342,paulawatkins@craig-chavez.com
CUST1332,Jordan Bates,New Michaelview,6969421529,williamchapman@gmail.com
CUST1333,Linda Smith,West Tiffany,086-771-3334,trevor09@merritt.biz
CUST1334,Dana Martinez,Keithview,762-639-3436x2620,patrick22@gmail.com
CUST1335,Andrea Hubbard,East Sydneychester,439-735-9710x7256,kstone@edwards.com
CUST1336,Daniel Kane,West Michelleberg,+1-366-941-1800x53759,kgonzales@yahoo.com
CUST1337,Charles Lester,East Dustin,+1-900-489-6465x28092,middletonelizabeth@gmail.com
CUST1338,Scott Thomas,Mariafurt,287-572-1586x241,andrearomero@johnson.net
CUST1339,David Thompson,Thomasview,027-456-4494x85625,freemanlynn@harris-mcmahon.org
CUST1340,Allison Smith,Brooksland,001-728-703-2032x0742,dmeyer@yahoo.com
CUST1341,Cynthia Morris,South Zacharyview,001-761-707-5877x712,wallaceryan@miller-taylor.com
CUST1342,Anthony Harmon,Shawnfort,513-422-8499,linda31@moore-rogers.info
CUST1343,Nichole Alvarez,Brandiland,908.926.1371,patricia06@randolph.com
CUST1344,Kayla Rodriguez,Reidstad,041-659-1520x17774,averycourtney@taylor.com
CUST1345,Theresa Williams,Port Amandaborough,+1-050-975-9230x450,theodore72@crawford.com
CUST1346,Sharon Boyd,Summersfort,001-189-616-4236x1032,hamiltontravis@clark.com
CUST1347,Victor Brown,Marcusport,(642)147-6492x5158,danawashington@hotmail.com
CUST1348,James Parks,Amyberg,776.749.9616,mary47@robles-myers.com
CUST1349,Theodore Jones Jr.,Kramerton,(926)610-8573x278,colin14@yahoo.com
CUST1350,Ana Hill,North Conniemouth,+1-814-761-7422x4386,john61@gmail.com
CUST1351,Kimberly Nguyen,North Sarahburgh,908-108-1866x1794,donna56@hotmail.com
CUST1352,Kerry Chavez DDS,Bryantchester,(491)801-7226x016,flarsen@jenkins.net
CUST1353,Michael Farrell,Lake Regina,001-459-779-4523x219,xbrown@green-stewart.biz
CUST1354,Patricia Le,Erikview,168-006-1027x769,dross@yahoo.com
CUST1355,Jesse Perez,Lake Michaelland,001-749-956-4122x0310,matthewcardenas@yahoo.com
CUST1356,Jesse Perry,Elizabethburgh,001-303-723-6831x472,kwalker@hotmail.com
CUST1357,Jeffery Ortega,South Conniebury,601.227.7707x9334,gouldchristina@anderson-fernandez.com
CUST1358,Christian Leblanc,Riosville,001-605-016-6799,deleonmathew@yahoo.com
CUST1359,Ronald Davis,East Thomasberg,001-840-767-8997x3080,stonemichael@galloway.biz
CUST1360,Parker Cain,New Erin,(958)146-7179x57602,laurie55@lewis-quinn.com
CUST1361,Laurie Hoffman,North Heatherville,375-738-3959x7246,fischeralisha@sanders.com
CUST1362,Bryan Gomez,Bensonfort,(572)934-1722x32971,crystalwatts@nelson.biz
CUST1363,Nicole Parrish,East Patrickville,(743)380-0545x22801,lorettamcdowell@gmail.com
CUST1364,Tracy Burke,West Michaelport,619-318-3745x50842,wagnerjade@perry.org
CUST1365,Kenneth Lewis,South Kiara,001-891-077-1199x180,fitzgeraldlaura@decker.com
CUST1366,Courtney Rodriguez,Lake Victoria,121.352.4787x12552,turnerstephen@gmail.com
CUST1367,Holly Farmer,North Alyssa,376-037-5482,bbennett@gmail.com
CUST1368,Renee Bruce,New Debramouth,456-532-8632,ehoffman@velez-ferguson.com
CUST1369,Sabrina Austin,Jenniferberg,(667)850-7208x11556,kaiserjessica@yahoo.com
CUST1370,Allison Hickman,Jensenmouth,001-260-602-9084x66845,bwalker@wise-west.info
CUST1371,Debra White,North Peggy,(048)926-7389x975,martin11@jackson.com
CUST1372,Ellen Morgan,Port David,+1-634-108-5628x8431,richardmassey@sharp.info
CUST1373,Sergio Knight,Bellchester,848.520.0894x34681,vcollins@gmail.com
CUST1374,Charles Schultz,Kyliebury,001-054-851-0174x9075,hannah96@adams.net
CUST1375,Paul Lewis,Deannabury,998.935.4492,pedwards@gmail.com
CUST1376,Glen Wood,Kimberlytown,001-683-158-9357x126,gfletcher@hotmail.com
CUST1377,Paula Bradley,Jamiehaven,(110)627-3715x86988,simmonschris@sherman.net
CUST1378,Anthony Moore,Lake Peter,001-649-767-7622x82772,jameskane@williams.info
CUST1379,Megan Nelson,Port Rachaelbury,001-881-377-0285x196,jtaylor@ross-phillips.biz
CUST1380,Karla Ramos,Cruzbury,159-408-2154,alexandra95@hotmail.com
CUST1381,Paul Wilson,Littleland,(447)022-9604x432,kellycohen@crane.info
CUST1382,Douglas Gregory,West Sarahberg,001-701-851-0679x4975,sharonho@hotmail.com
CUST1383,Mr. Andrew Foster,Valenciashire,(792)287-7725x1996,alicecalderon@stewart.com
CUST1384,Aimee Turner,Diazburgh,(365)807-4120x9481,holderadam@hotmail.com
CUST1385,Chad Scott,Bestland,+1-813-989-0983x7801,heathermedina@davis-weber.org
CUST1386,Adam Burgess,New Carlosview,+1-820-433-9718x95690,bellangie@cooper.com
CUST1387,James Padilla,North Sandra,056.260.8564x1118,lori69@hotmail.com
CUST1388,Sandra Drake,Hunterhaven,(422)412-4620,claudia64@hotmail.com
CUST1389,Scott Williams,Hendersonfurt,+1-520-046-1526x546,watkinsdakota@ramirez.org
CUST1390,Thomas Atkins,Lake Amandaberg,033-993-7886,lauramatthews@rivera-ingram.org
CUST1391,Laura Mckinney,Christopherland,405-786-1706,aclark@gmail.com
CUST1392,Brian Smith,Port Eric,+1-304-891-3824x9671,noblechristina@martin.com
CUST1393,Robert Montgomery,Peterland,+1-832-582-3868x7007,taylorlindsay@ortega-murphy.net
CUST1394,Tamara Davis,Hollybury,+1-420-074-9465x398,annbennett@mccarthy-kelly.net
CUST1395,Dana Chapman,East Christopherchester,028-914-1612x8463,waremegan@gmail.com
CUST1396,Jennifer Collins,South Cherylton,+1-855-474-3553x795,marycastro@yahoo.com
CUST1397,Gary Jackson,Elizabethburgh,2097002687,grantryan@yahoo.com
CUST1398,Ashley Hicks,North Jeantown,001-681-180-7156x95620,clinemelissa@reed.com
CUST1399,Hannah Luna,South Stephanie,753-703-0453,harold03@yahoo.com
CUST1400,Robin Young,Garyberg,943-375-0479,adamcollins@gmail.com
CUST1401,Craig Morrison,Jessicaville,036.149.8728,wesley09@yahoo.com
CUST1402,Mary Thompson,West Lindsayview,999.219.2124,darlene60@padilla.org
CUST1403,Kathleen Webster,West Jennifershire,001-384-308-9487,oosborn@henry-wells.net
CUST1404,Joann Glass,South Spencerstad,6056641877,woodchloe@hernandez.com
CUST1405,Madison Weber,South Micheleburgh,(803)046-8750x635,hflowers@ramos.com
CUST1406,Lori Hernandez,Ericville,903-613-3254,hodgejoshua@gmail.com
CUST1407,Jeremy Turner,East Joycetown,107-609-5431,mary52@bowen.biz
CUST1408,Anthony Romero,Port Michellebury,350.583.1997x1791,brownmandy@hotmail.com
CUST1409,Jesse Brown,South Michaelberg,006-512-0704,christopher70@franklin-barker.biz
CUST1410,Angela Lin,Port Austin,+1-611-080-4661x963,collinsann@peterson.com
CUST1411,Lisa Hunter,Walkerbury,+1-907-676-9915x078,wilsonchristopher@hotmail.com
CUST1412,Julian Conner,Moonmouth,931-109-1939x28456,lonniesims@wang.com
CUST1413,Joanna Pacheco,Margaretshire,972.320.0249x6854,umiller@gmail.com
CUST1414,Erica Alvarez,Davidton,001-822-749-5450,julierojas@yahoo.com
CUST1415,Antonio Garcia,East Linda,920.388.0653x33153,lmccarthy@taylor-stewart.com
CUST1416,Gwendolyn Klein,South Caseymouth,+1-779-599-5946x52170,nicole24@wolfe-baker.info
CUST1417,Carrie Wright,Kiaraport,303.379.3375x6362,michael87@hotmail.com
CUST1418,Jeffrey Mills,Christophermouth,5015081247,herringbrenda@medina.biz
CUST1419,Jake Campbell,West Jamesshire,950.033.4234,jared88@hotmail.com
CUST1420,George Harper,Jodibury,001-258-323-0241x0261,palmerjason@gmail.com
CUST1421,Maria Jones,Richardsonfort,347-355-2896x11223,anthony18@hotmail.com
CUST1422,Michael Mitchell,Lake Rachel,865.596.3099,ltaylor@watson-gray.org
CUST1423,Mary Escobar,East Adam,842.530.4289,jacqueline50@fisher.com
CUST1424,Felicia Aguilar,Johnsonside,317.912.8685x7872,robintorres@payne-walton.info
CUST1425,Gregory Ponce,Cynthiatown,587-774-9690x33373,esimon@gmail.com
CUST1426,Jenna Larson,Aaronfurt,(346)692-5481x2147,carolyn76@yahoo.com
CUST1427,Emily Bennett,Daltonhaven,539.078.9567x76657,kathrynsantana@rodriguez.org
CUST1428,Robin Santiago,South Travis,460-273-4151x48881,martingarrett@yahoo.com
CUST1429,Nancy Jennings,East Jenniferland,311-150-8353x544,davidcook@waller.com
CUST1430,Maria Henderson,East Phyllishaven,001-439-284-0445x6690,dfoster@gmail.com
CUST1431,Jack White,Haynesstad,826.333.7389x8775,nicoleturner@lopez.biz
CUST1432,Travis Tucker,Villegasland,536-637-7805,ericpeters@smith-moore.com
CUST1433,Chad Jones,New Dennisfurt,(924)075-5366,ehale@hotmail.com
CUST1434,Ashley Wise,New Ashleychester,+1-684-590-9022x59999,wmccarthy@gmail.com
CUST1435,Sophia Johnson,East Kelly,(636)186-3715x9741,lucasmcconnell@yahoo.com
CUST1436,Ralph Anderson,Sarafurt,(182)097-0231,lori69@yahoo.com
CUST1437,Christopher Guerra,Louisview,(433)481-7058x0256,tracy90@blackwell.com
CUST1438,Rhonda Martin,North Sherry,(212)867-1632x3467,matthew09@hotmail.com
CUST1439,Jason Rhodes,Port Kayla,(994)938-7430,brewerdevin@gmail.com
CUST1440,Jeremy Mitchell,East Danielmouth,(716)938-5977,kevindavis@valdez-simmons.com
CUST1441,Joann Ferguson,Edwardsville,901.475.4692x632,eleonard@gmail.com
CUST1442,Robert Harrison,Tamiborough,+1-676-291-6032x484,zwhite@hotmail.com
CUST1443,Holly Valentine,Parkerview,+1-137-681-5118x56724,wdrake@oconnor.com
CUST1444,Mrs. Diane Reyes,North Ericport,807.017.6563,david86@gibson.biz
CUST1445,Tracy Montoya,East Marymouth,(004)125-7771x1837,turnerjonathan@hotmail.com
CUST1446,Brenda Wright,North Jennifer,(742)209-1241,xshaw@joseph-richard.com
CUST1447,Shelly Spencer,Randyton,+1-621-042-7523,tinaschmidt@berg-miller.com
CUST1448,Ryan Rosales,Jorgeburgh,001-083-708-1647x090,james97@yahoo.com
CUST1449,Phillip Nelson,South Melissaside,6335331060,hcampbell@stevens-williams.org
CUST1450,Brittany Kim,North Steven,5313122068,ronald40@hotmail.com
CUST1451,Courtney Hayes,North Alexander,558-393-8661,kellybutler@yahoo.com
CUST1452,Alexander Brown,East James,315.520.6506,cynthia91@yahoo.com
CUST1453,Cynthia Vang,Watsonland,731.495.0136,fwright@davis.biz
CUST1454,Alfred Galvan,Samanthaland,971-892-4195x6252,teresa93@hotmail.com
CUST1455,Marie Moody,North Jamesmouth,+1-571-509-9768x3890,jonesnathan@gmail.com
CUST1456,Dustin Gallegos,North Rebecca,091.436.3910,uhunt@morgan.com
CUST1457,Brenda Thornton,Davidmouth,(574)326-3039,vjohnson@yahoo.com
CUST1458,Aaron Miller,East Sandrachester,524.508.6403x553,ysanford@duncan.org
CUST1459,Ruben Dunn,Crawfordfurt,803.396.8527,brooksthomas@hill-barker.com
CUST1460,Kelsey Rodriguez,Thompsonborough,+1-017-130-2321x2983,jacobsrenee@hotmail.com
CUST1461,Eric Williams,West Joshua,816.742.3362,adam30@yahoo.com
CUST1462,Riley Bryant,North Christina,+1-344-973-4715x662,joseph95@walker.com
CUST1463,Taylor Carlson,Lake Kenneth,768.962.7066x1498,carrjessica@wilcox.com
CUST1464,Jose Allen,Andradefort,(824)674-7468,aspears@yahoo.com
CUST1465,Jeffrey Mendez,North Joshuaberg,+1-715-273-2300x857,michael72@yahoo.com
CUST1466,Jason Beck,Gonzalezhaven,(665)674-9160x1692,amandajackson@yahoo.com
CUST1467,William Jones,Lake Virginia,645.875.0663,kjohnson@gmail.com
CUST1468,Katie Mcneil,South Kimberlystad,705.024.9724,christopher85@yahoo.com
CUST1469,Jeanette Harrison,Stephensfort,992.011.6691,shannon70@gmail.com
CUST1470,Veronica King,Robertahaven,362.644.8869x46119,annette60@hawkins-henry.com
CUST1471,Richard Cooper,Paulburgh,001-524-364-0270x11686,nicholasrush@gmail.com
CUST1472,Lori Ingram,West Carlatown,+1-462-252-2372x8179,hrobinson@roberts.biz
CUST1473,Evelyn Williams,Brianfort,230.234.6791,karen69@yahoo.com
CUST1474,Robin Thompson,Katiebury,+1-214-161-4150x9377,crystal58@hotmail.com
CUST1475,Julie Dominguez,North John,+1-100-409-0138x06984,michelesimpson@yahoo.com
CUST1476,Robin Brown,West Amanda,759.655.5535x6690,lmoore@yahoo.com
CUST1477,Judith Carter,Port Wendybury,(510)762-0918x435,patelmatthew@yahoo.com
CUST1478,Curtis Williams,Kellyburgh,978.630.5050x573,reyesdenise@jenkins-fields.org
CUST1479,Kaylee Hays,East Brittany,+1-769-156-7164x932,chelseagordon@greene.biz
CUST1480,Dawn Mullins,Robintown,980.271.4872x71783,chelsea29@kennedy.org
CUST1481,Howard Norman,Staceyshire,321.160.2564,melissamartin@yahoo.com
CUST1482,Evelyn Martinez,New Stacy,471.287.1539,thomasmarquez@morris.com
CUST1483,Steve Paul,Weaverburgh,001-915-668-6334x14111,beckystevens@morrison.info
CUST1484,Jasmine Beltran,Johnsonton,931-952-5690x40983,monica23@bowen-jones.com
CUST1485,Jonathan Glass MD,New Jeffery,(655)289-9316x0875,eatkins@yahoo.com
CUST1486,Monica Miller,Smithborough,(437)729-4209,baldwincatherine@hotmail.com
CUST1487,Samantha Gardner,West Jennifer,481-497-3746x05233,ucastillo@carter.com
CUST1488,Bobby Guerrero,Brianberg,001-027-642-0865x675,gmoran@hotmail.com
CUST1489,Lance Simmons,Port Daniel,001-661-844-3861x25904,gcobb@gmail.com
CUST1490,Heather Williams,Susanstad,292.774.2333x059,bowenmichael@hotmail.com
CUST1491,Heather Bolton,Willismouth,266-201-5720,robinpope@gmail.com
CUST1492,William Gould,Marcusburgh,859-626-3013,riveraheather@yahoo.com
CUST1493,Mark Cox,Connerfort,(749)261-7647x5011,katherinepeterson@hotmail.com
CUST1494,Meghan Cisneros,Grantside,178-309-9974,kristin49@yahoo.com
CUST1495,Lawrence Harrington,Jeffreyshire,001-192-676-4921x518,earlroberts@beard.com
CUST1496,Austin Osborne,South Kurt,(606)888-7189,shirley29@hotmail.com
CUST1497,James Bradley,Davidtown,+1-131-292-0875,rmarquez@yahoo.com
CUST1498,Meghan Rush,Rosalesshire,029-321-8401,dwaynecarter@scott-perez.com
CUST1499,Phillip Berry,East Carriebury,845-826-0340,breannagreen@hotmail.com
