Menu_ID,Item_Name,Price,Restaurant_ID
ITEM001,Margherita Pizza,300,REST100
ITEM002,Butter Chicken,250,REST101
ITEM003,Salmon Sushi,200,REST102
ITEM004,Chicken Tikka,220,REST103
ITEM005,Cheeseburger,180,REST104
ITEM006,Quinoa Salad,280,REST105
ITEM007,Masala Dosa,100,REST106
ITEM008,Veg Noodles,150,REST107
ITEM009,Veg Noodles,150,REST106
ITEM010,Masala Dosa,100,REST105
ITEM011,Margherita Pizza,300,REST101
ITEM012,Cheeseburger,180,REST100
ITEM013,Quinoa Salad,280,REST103
ITEM014,Chicken Tikka,220,REST106
ITEM015,Quinoa Salad,280,REST103
ITEM016,Veg Noodles,150,REST104
ITEM017,Butter Chicken,250,REST103
ITEM018,Salmon Sushi,200,REST106
ITEM019,Margherita Pizza,300,REST106
ITEM020,Margherita Pizza,300,REST107
ITEM021,Salmon Sushi,200,REST102
ITEM022,Salmon Sushi,200,REST106
ITEM023,Quinoa Salad,280,REST104
ITEM024,Masala Dosa,100,REST101
ITEM025,Masala Dosa,100,REST104
ITEM026,Cheeseburger,180,REST105
ITEM027,Veg Noodles,150,REST107
ITEM028,Masala Dosa,100,REST101
